0,CHILD #923 12/29/23
1,LEARN #922 12/28/23
2,DAISY #921 12/27/23
3,PHONE #920 12/26/23
4,EVOKE #919 12/25/23
5,GRACE #918 12/24/23
6,SLOPE #917 12/23/23
7,TOUCH #916 12/22/23
8,BUILT #915 12/21/23
9,SMALL #914 12/20/23
10,TABLE #913 12/19/23
11,FUNNY #912 12/18/23
12,BACON #911 12/17/23
13,GLOBE #910 12/16/23
14,TOPIC #909 12/15/23
15,WOULD #908 12/14/23
16,SPENT #907 12/13/23
17,THESE #906 12/12/23
18,HOUSE #905 12/11/23
19,CHAIN #904 12/10/23
20,SHIFT #903 12/09/23
21,SHARP #902 12/08/23
22,SLEEP #901 12/07/23
23,WOMAN #900 12/06/23
24,YOUNG #899 12/05/23
25,WORST #898 12/04/23
26,ADAPT #897 12/03/23
27,GENRE #896 12/02/23
28,TAKEN #895 12/01/23
29,RESIN #894 11/30/23
30,SUSHI #893 11/29/23
31,SCOPE #892 11/28/23
32,TAWNY #891 11/27/23
33,SOLID #890 11/26/23
34,GUIDE #889 11/25/23
35,THROW #888 11/24/23
36,QUEEN #887 11/23/23
37,PIXEL #886 11/22/23
38,PIANO #885 11/21/23
39,CANDY #884 11/20/23
40,QUEUE #883 11/19/23
41,THINK #882 11/18/23
42,TARDY #881 11/17/23
43,TRUST #880 11/16/23
44,SIGHT #879 11/15/23
45,SASSY #878 11/14/23
46,GREEN #877 11/13/23
47,MEANT #876 11/12/23
48,ACTOR #875 11/11/23
49,LEASH #874 11/10/23
50,GLAZE #873 11/09/23
51,NINJA #872 11/08/23
52,LIMIT #871 11/07/23
53,TRADE #870 11/06/23
54,FLARE #869 11/05/23
55,MANIA #868 11/04/23
56,ARDOR #867 11/03/23
57,UNTIL #866 11/02/23
58,NOISE #865 11/01/23
59,BLEAK #864 10/31/23
60,GRAIL #863 10/30/23
61,PHONY #862 10/29/23
62,MASON #861 10/28/23
63,NOBLE #860 10/27/23
64,PIQUE #859 10/26/23
65,RETRY #858 10/25/23
66,CAUSE #857 10/24/23
67,TEMPO #856 10/23/23
68,GIVEN #855 10/22/23
69,SMIRK #854 10/21/23
70,OCCUR #853 10/20/23
71,SPLAT #852 10/19/23
72,MERCY #851 10/18/23
73,ADULT #850 10/17/23
74,GRAPH #849 10/16/23
75,LEAKY #848 10/15/23
76,AGENT #847 10/14/23
77,UNCLE #846 10/13/23
78,KNELT #845 10/12/23
79,SKUNK #844 10/11/23
80,SNAIL #843 10/10/23
81,TRUTH #842 10/09/23
82,BINGE #841 10/08/23
83,VIOLA #840 10/07/23
84,CHIME #839 10/06/23
85,BUNCH #838 10/05/23
86,SPURT #837 10/04/23
87,WHILE #836 10/03/23
88,MERRY #835 10/02/23
89,BERET #834 10/01/23
90,DADDY #833 09/30/23
91,AZURE #832 09/29/23
92,COACH #831 09/28/23
93,SMILE #830 09/27/23
94,LOYAL #829 09/26/23
95,ROCKY #828 09/25/23
96,RIGHT #827 09/24/23
97,CAROL #826 09/23/23
98,BRUSH #825 09/22/23
99,STONE #824 09/21/23
100,SNARE #823 09/20/23
101,CLOSE #822 09/19/23
102,FRANK #821 09/18/23
103,MUSIC #820 09/17/23
104,ANGEL #819 09/16/23
105,EXERT #818 09/15/23
106,RAYON #817 09/14/23
107,CLEAR #816 09/13/23
108,WHISK #815 09/12/23
109,OLDER #814 09/11/23
110,QUOTE #813 09/10/23
111,LUCKY #812 09/09/23
112,ROUSE #811 09/08/23
113,DWELL #810 09/07/23
114,GNASH #809 09/06/23
115,BIRCH #808 09/05/23
116,GIDDY #807 09/04/23
117,AWAIT #806 09/03/23
118,ONION #805 09/02/23
119,SPACE #804 09/01/23
120,BRIDE #803 08/31/23
121,AUDIO #802 08/30/23
122,CAPER #801 08/29/23
123,WRITE #800 08/28/23
124,PEACE #799 08/27/23
125,CHOIR #798 08/26/23
126,OCEAN #797 08/25/23
127,WORDY #796 08/24/23
128,VERVE #795 08/23/23
129,SPICE #794 08/22/23
130,BEACH #793 08/21/23
131,QUEST #792 08/20/23
132,MAGMA #791 08/19/23
133,EXACT #790 08/18/23
134,AMISS #789 08/17/23
135,SCRUB #788 08/16/23
136,INDEX #787 08/15/23
137,SNAKY #786 08/14/23
138,WRATH #785 08/13/23
139,QUICK #784 08/12/23
140,HELLO #783 08/11/23
141,EMPTY #782 08/10/23
142,LOVER #781 08/09/23
143,BULLY #780 08/08/23
144,BROOK #779 08/07/23
145,POLYP #778 08/06/23
146,ANODE #777 08/05/23
147,CHART #776 08/04/23
148,PARTY #775 08/03/23
149,BEGET #774 08/02/23
150,TENTH #773 08/01/23
151,STYLE #772 07/31/23
152,BATHE #771 07/30/23
153,CURLY #770 07/29/23
154,ETHOS #769 07/28/23
155,DISCO #768 07/27/23
156,HEART #767 07/26/23
157,WHEEL #766 07/25/23
158,HOBBY #765 07/24/23
159,WHALE #764 07/23/23
160,FROZE #763 07/22/23
161,BURLY #762 07/21/23
162,FLANK #761 07/20/23
163,TONIC #760 07/19/23
164,FLYER #759 07/18/23
165,DROOP #758 07/17/23
166,TOPAZ #757 07/16/23
167,CRONE #756 07/15/23
168,FIEND #755 07/14/23
169,BARGE #754 07/13/23
170,WHIRL #753 07/12/23
171,EARTH #752 07/11/23
172,FOLLY #751 07/10/23
173,ENTER #750 07/09/23
174,COWER #749 07/08/23
175,DONUT #748 07/07/23
176,WINDY #747 07/06/23
177,VENOM #746 07/05/23
178,IRATE #745 07/04/23
179,HOTEL #744 07/03/23
180,MOSSY #743 07/02/23
181,BLEEP #742 07/01/23
182,STRAW #741 06/30/23
183,DINER #740 06/29/23
184,TRACT #739 06/28/23
185,ABOUT #738 06/27/23
186,GUEST #737 06/26/23
187,RODEO #736 06/25/23
188,GRAND #735 06/24/23
189,COVET #734 06/23/23
190,TASTE #733 06/22/23
191,CRANE #732 06/21/23
192,FROST #731 06/20/23
193,KAZOO #730 06/19/23
194,SHYLY #729 06/18/23
195,RANCH #728 06/17/23
196,STRAP #727 06/16/23
197,MAYBE #726 06/15/23
198,CRIME #725 06/14/23
199,PLUNK #724 06/13/23
200,WRONG #723 06/12/23
201,GUARD #722 06/11/23
202,AGAIN #721 06/10/23
203,BALSA #720 06/09/23
204,CRUMB #719 06/08/23
205,HATER #718 06/07/23
206,SCOUT #717 06/06/23
207,ENNUI #716 06/05/23
208,BEAST #715 06/04/23
209,NANNY #714 06/03/23
210,HUMID #713 06/02/23
211,JAZZY #712 06/01/23
212,AGILE #711 05/31/23
213,KNEEL #710 05/30/23
214,MOUSE #709 05/29/23
215,SKIMP #708 05/28/23
216,RAMEN #707 05/27/23
217,SWINE #706 05/26/23
218,BAGEL #705 05/25/23
219,UTTER #704 05/24/23
220,CLERK #703 05/23/23
221,IGLOO #702 05/22/23
222,BRASH #701 05/21/23
223,FLASK #700 05/20/23
224,GRIEF #699 05/19/23
225,SHORN #698 05/18/23
226,PLANK #697 05/17/23
227,LATTE #696 05/16/23
228,CANOE #695 05/15/23
229,SCARF #694 05/14/23
230,ACRID #693 05/13/23
231,SNACK #692 05/12/23
232,BROOM #691 05/11/23
233,ETHIC #690 05/10/23
234,COCOA #689 05/09/23
235,AGLOW #688 05/08/23
236,GHOUL #687 05/07/23
237,ANGER #686 05/06/23
238,BELOW #685 05/05/23
239,GUPPY #684 05/04/23
240,HORDE #683 05/03/23
241,SULKY #682 05/02/23
242,RANGE #681 05/01/23
243,PLAZA #680 04/30/23
244,CEDAR #679 04/29/23
245,CIRCA #678 04/28/23
246,LOGIC #677 04/27/23
247,METRO #676 04/26/23
248,JOKER #675 04/25/23
249,DITTO #674 04/24/23
250,UNZIP #673 04/23/23
251,BROKE #672 04/22/23
252,KAYAK #671 04/21/23
253,PLATE #670 04/20/23
254,THUMP #669 04/19/23
255,HOUND #668 04/18/23
256,WHIFF #667 04/17/23
257,DWELT #666 04/16/23
258,AGONY #665 04/15/23
259,THIEF #664 04/14/23
260,CARAT #663 04/13/23
261,BORAX #662 04/12/23
262,QUALM #661 04/11/23
263,UNDER #660 04/10/23
264,SNAFU #659 04/09/23
265,LEDGE #658 04/08/23
266,LOCUS #657 04/07/23
267,LEAFY #656 04/06/23
268,SMASH #655 04/05/23
269,RATIO #654 04/04/23
270,FLORA #653 04/03/23
271,STOCK #652 04/02/23
272,MARCH #651 04/01/23
273,EVERY #650 03/31/23
274,BREAD #649 03/30/23
275,BESET #648 03/29/23
276,HURRY #647 03/28/23
277,GUANO #646 03/27/23
278,UNTIE #645 03/26/23
279,VOTER #644 03/25/23
280,GROUT #643 03/24/23
281,STAID #642 03/23/23
282,DUVET #641 03/22/23
283,TOUGH #640 03/21/23
284,GLOVE #639 03/20/23
285,CREDO #638 03/19/23
286,YACHT #637 03/18/23
287,MEALY #636 03/17/23
288,CIDER #635 03/16/23
289,SWEEP #634 03/15/23
290,SURLY #633 03/14/23
291,BLAME #632 03/13/23
292,BIRTH #631 03/12/23
293,EMAIL #630 03/11/23
294,REVEL #629 03/10/23
295,WHERE #628 03/09/23
296,REGAL #627 03/08/23
297,HORSE #626 03/07/23
298,PINKY #625 03/06/23
299,TOXIC #624 03/05/23
300,TREND #623 03/04/23
301,SQUAT #622 03/03/23
302,ABOVE #621 03/02/23
303,MOOSE #620 03/01/23
304,POLKA #619 02/28/23
305,WORSE #618 02/27/23
306,SYRUP #617 02/26/23
307,FIFTY #616 02/25/23
308,ARBOR #615 02/24/23
309,VAGUE #614 02/23/23
310,RIPER #613 02/22/23
311,RUDDY #612 02/21/23
312,SWEAT #611 02/20/23
313,KIOSK #610 02/19/23
314,AVAIL #609 02/18/23
315,CACHE #608 02/17/23
316,MAGIC #607 02/16/23
317,SALSA #606 02/15/23
318,SOUND #605 02/14/23
319,USAGE #604 02/13/23
320,GIANT #603 02/12/23
321,DEBUG #602 02/11/23
322,HEADY #601 02/10/23
323,STAGE #600 02/09/23
324,FLAIL #599 02/08/23
325,APPLE #598 02/07/23
326,NINTH #597 02/06/23
327,DANCE #596 02/05/23
328,UNLIT #595 02/04/23
329,TASTY #594 02/03/23
330,SHIRK #593 02/02/23
331,SCOLD #592 02/01/23
332,CROSS #591 01/31/23
333,CRAVE #590 01/30/23
334,FISHY #589 01/29/23
335,FLIRT #588 01/28/23
336,WORRY #587 01/27/23
337,BEEFY #586 01/26/23
338,MAIZE #585 01/25/23
339,COUNT #584 01/24/23
340,ELUDE #583 01/23/23
341,MATEY #582 01/22/23
342,BLURB #581 01/21/23
343,ALTER #580 01/20/23
344,MUCKY #579 01/19/23
345,CHARD #578 01/18/23
346,ADOPT #577 01/17/23
347,FROCK #576 01/16/23
348,SPIRE #575 01/15/23
349,KOALA #574 01/14/23
350,HUMAN #573 01/13/23
351,LEAPT #572 01/12/23
352,SEDAN #571 01/11/23
353,GRIMY #570 01/10/23
354,PIXIE #569 01/09/23
355,OPERA #568 01/08/23
356,LEMON #567 01/07/23
357,BELIE #566 01/06/23
358,SLEEK #565 01/05/23
359,LAYER #564 01/04/23
360,ANTIC #563 01/03/23
361,SKIRT #562 01/02/23
362,WHINE #561 01/01/23
363,MANLY #560 12/31/22
364,MOLAR #559 12/30/22
365,HAVOC #558 12/29/22
366,IMPEL #557 12/28/22
367,CONDO #556 12/27/22
368,JUDGE #555 12/26/22
369,EXTRA #554 12/25/22
370,POISE #553 12/24/22
371,AORTA #552 12/23/22
372,EXCEL #551 12/22/22
373,LUNAR #550 12/21/22
374,THIRD #549 12/20/22
375,SLATE #548 12/19/22
376,TAPER #547 12/18/22
377,CHORD #546 12/17/22
378,PROBE #545 12/16/22
379,RIVAL #544 12/15/22
380,USUAL #543 12/14/22
381,SPOKE #542 12/13/22
382,APPLY #541 12/12/22
383,NAIVE #540 12/11/22
384,KNOCK #539 12/10/22
385,BRAID #538 12/09/22
386,INFER #537 12/08/22
387,JOUST #536 12/07/22
388,AMBER #535 12/06/22
389,WOKEN #534 12/05/22
390,ADORE #533 12/04/22
391,TORSO #532 12/03/22
392,CHAFE #531 12/02/22
393,EJECT #530 12/01/22
394,STUDY #529 11/30/22
395,UNDUE #528 11/29/22
396,TEPID #527 11/28/22
397,HAPPY #526 11/27/22
398,CLEAN #525 11/26/22
399,ITCHY #524 11/25/22
400,FEAST #523 11/24/22
401,DRIVE #522 11/23/22
402,PRIME #521 11/22/22
403,AXIOM #520 11/21/22
404,BRAVE #519 11/20/22
405,AVERT #518 11/19/22
406,GLYPH #517 11/18/22
407,THERE #516 11/17/22
408,BAKER #515 11/16/22
409,SNARL #514 11/15/22
410,MAPLE #513 11/14/22
411,INANE #512 11/13/22
412,VALET #511 11/12/22
413,MEDAL #510 11/11/22
414,UNITE #509 11/10/22
415,RAINY #508 11/09/22
416,SPELL #507 11/08/22
417,BEGIN #506 11/07/22
418,STALE #505 11/06/22
419,DREAM #504 11/05/22
420,PHOTO #503 11/04/22
421,ALOUD #502 11/03/22
422,INEPT #501 11/02/22
423,PINEY #500 11/01/22
424,APTLY #499 10/31/22
425,WALTZ #498 10/30/22
426,LIBEL #497 10/29/22
427,SNEAK #496 10/28/22
428,CARRY #495 10/27/22
429,FLOUT #494 10/26/22
430,FOGGY #493 10/25/22
431,FAULT #492 10/24/22
432,MUMMY #491 10/23/22
433,SPIEL #490 10/22/22
434,GROVE #489 10/21/22
435,DENIM #488 10/20/22
436,QUIRK #487 10/19/22
437,EXIST #486 10/18/22
438,STEIN #485 10/17/22
439,SPADE #484 10/16/22
440,CATCH #483 10/15/22
441,FLOOR #482 10/14/22
442,EQUAL #481 10/13/22
443,IONIC #480 10/12/22
444,VALID #479 10/11/22
445,ENJOY #478 10/10/22
446,HOWDY #477 10/09/22
447,VIGOR #476 10/08/22
448,DANDY #475 10/07/22
449,SLOTH #474 10/06/22
450,MARSH #473 10/05/22
451,BOUGH #472 10/04/22
452,STING #471 10/03/22
453,TWINE #470 10/02/22
454,LEAVE #469 10/01/22
455,SCORN #468 09/30/22
456,SCALD #467 09/29/22
457,USURP #466 09/28/22
458,SOGGY #465 09/27/22
459,BRISK #464 09/26/22
460,ADMIT #463 09/25/22
461,GRATE #462 09/24/22
462,GLORY #461 09/23/22
463,SAINT #460 09/22/22
464,RECAP #459 09/21/22
465,ALIKE #458 09/20/22
466,TRICE #457 09/19/22
467,STICK #456 09/18/22
468,CHUTE #455 09/17/22
469,PARER #454 09/16/22
470,DOUBT #453 09/15/22
471,THYME #452 09/14/22
472,ALPHA #451 09/13/22
473,BOOZE #450 09/12/22
474,TIBIA #449 09/11/22
475,LOFTY #448 09/10/22
476,THEME #447 09/09/22
477,CLASS #446 09/08/22
478,LEERY #445 09/07/22
479,TAUNT #444 09/06/22
480,WHOOP #443 09/05/22
481,INTER #442 09/04/22
482,GULLY #441 09/03/22
483,CHARM #440 09/02/22
484,FUNGI #439 09/01/22
485,PRIZE #438 08/31/22
486,ONSET #437 08/30/22
487,CHIEF #436 08/29/22
488,GAUZE #435 08/28/22
489,RUDER #434 08/27/22
490,IRONY #433 08/26/22
491,CLOWN #432 08/25/22
492,NEEDY #431 08/24/22
493,WOVEN #430 08/23/22
494,MERIT #429 08/22/22
495,WASTE #428 08/21/22
496,TREAT #427 08/20/22
497,SHRUG #426 08/19/22
498,TWANG #425 08/18/22
499,TWICE #424 08/17/22
500,GRUEL #423 08/16/22
501,POKER #422 08/15/22
502,KHAKI #421 08/14/22
503,HUNKY #420 08/13/22
504,LABEL #419 08/12/22
505,GLEAN #418 08/11/22
506,CLING #417 08/10/22
507,PATTY #416 08/09/22
508,UNFIT #415 08/08/22
509,SMEAR #414 08/07/22
510,ALIEN #413 08/06/22
511,BUGGY #412 08/05/22
512,RHYME #411 08/04/22
513,YOUTH #410 08/03/22
514,COYLY #409 08/02/22
515,QUART #408 08/01/22
516,CRAMP #407 07/31/22
517,BLUFF #406 07/30/22
518,UPSET #405 07/29/22
519,STOMP #404 07/28/22
520,MOTTO #403 07/27/22
521,CINCH #402 07/26/22
522,ELOPE #401 07/25/22
523,POWER #400 07/24/22
524,MIDGE #399 07/23/22
525,TRYST #398 07/22/22
526,APHID #397 07/21/22
527,TRITE #396 07/20/22
528,ANGRY #395 07/19/22
529,FLOCK #394 07/18/22
530,WACKY #393 07/17/22
531,ROOMY #392 07/16/22
532,WEDGE #391 07/15/22
533,LIVER #390 07/14/22
534,BLAND #389 07/13/22
535,NIGHT #388 07/12/22
536,MADAM #387 07/11/22
537,BERTH #386 07/10/22
538,STEAD #385 07/09/22
539,VOICE #384 07/08/22
540,AGAPE #383 07/07/22
541,FLUFF #382 07/06/22
542,FIELD #381 07/05/22
543,SEVER #380 07/04/22
544,LILAC #379 07/03/22
545,EGRET #378 07/02/22
546,PINTO #377 07/01/22
547,HUTCH #376 06/30/22
548,GAWKY #375 06/29/22
549,DROLL #374 06/28/22
550,RETRO #373 06/27/22
551,RUSTY #372 06/26/22
552,BEADY #371 06/25/22
553,SMITE #370 06/24/22
554,BRINK #369 06/23/22
555,AWFUL #368 06/22/22
556,GLOAT #367 06/21/22
557,INPUT #366 06/20/22
558,LOSER #365 06/19/22
559,CACAO #364 06/18/22
560,BLOWN #363 06/17/22
561,APRON #362 06/16/22
562,PRIMO #361 06/15/22
563,ATONE #360 06/14/22
564,DONOR #359 06/13/22
565,FLOAT #358 06/12/22
566,GOOSE #357 06/11/22
567,PIETY #356 06/10/22
568,GIRTH #355 06/09/22
569,TRAIT #354 06/08/22
570,FLOOD #353 06/07/22
571,GLOOM #352 06/06/22
572,DEPTH #351 06/05/22
573,FROTH #350 06/04/22
574,PHASE #349 06/03/22
575,SHOWY #348 06/02/22
576,CREAK #347 06/01/22
577,MANOR #346 05/31/22
578,ATOLL #345 05/30/22
579,BAYOU #344 05/29/22
580,CREPT #343 05/28/22
581,TIARA #342 05/27/22
582,ASSET #341 05/26/22
583,VOUCH #340 05/25/22
584,ALBUM #339 05/24/22
585,HINGE #338 05/23/22
586,MONEY #337 05/22/22
587,SCRAP #336 05/21/22
588,GAMER #335 05/20/22
589,GLASS #334 05/19/22
590,SCOUR #333 05/18/22
591,BEING #332 05/17/22
592,DELVE #331 05/16/22
593,YIELD #330 05/15/22
594,METAL #329 05/14/22
595,TIPSY #328 05/13/22
596,SLUNG #327 05/12/22
597,FARCE #326 05/11/22
598,GECKO #325 05/10/22
599,FETUS #324a 05/09/22
600,SHINE #324b 05/09/22
601,CANNY #323 05/08/22
602,MIDST #322 05/07/22
603,BADGE #321 05/06/22
604,HOMER #320 05/05/22
605,TRAIN #319 05/04/22
606,HAIRY #318 05/03/22
607,STORY #317 05/02/22
608,FORGO #316 05/01/22
609,LARVA #315 04/30/22
610,TRASH #314 04/29/22
611,ZESTY #313 04/28/22
612,SHOWN #312 04/27/22
613,HEIST #311 04/26/22
614,ASKEW #310 04/25/22
615,INERT #309 04/24/22
616,OLIVE #308 04/23/22
617,PLANT #307 04/22/22
618,OXIDE #306 04/21/22
619,CARGO #305 04/20/22
620,FOYER #304 04/19/22
621,FLAIR #303 04/18/22
622,AMPLE #302 04/17/22
623,CHEEK #301 04/16/22
624,SHAME #300 04/15/22
625,MINCE #299 04/14/22
626,CHUNK #298 04/13/22
627,ROYAL #297 04/12/22
628,SQUAD #296 04/11/22
629,BLACK #295 04/10/22
630,STAIR #294 04/09/22
631,SCARE #293 04/08/22
632,FORAY #292 04/07/22
633,COMMA #291 04/06/22
634,NATAL #290 04/05/22
635,SHAWL #289 04/04/22
636,FEWER #288 04/03/22
637,TROPE #287 04/02/22
638,SNOUT #286 04/01/22
639,LOWLY #285 03/31/22
640,STOVE #284 03/30/22
641,SHALL #283 03/29/22
642,FOUND #282 03/28/22
643,NYMPH #281 03/27/22
644,EPOXY #280 03/26/22
645,DEPOT #279 03/25/22
646,CHEST #278 03/24/22
647,PURGE #277 03/23/22
648,THEIR #276 03/22/22
649,SLOSH #275 03/21/22
650,RENEW #274 03/20/22
651,ALLOW #273 03/19/22
652,SAUTE #272 03/18/22
653,MOVIE #271 03/17/22
654,CATER #270 03/16/22
655,TEASE #269 03/15/22
656,SMELT #268 03/14/22
657,FOCUS #267 03/13/22
658,TODAY #266 03/12/22
659,WATCH #265 03/11/22
660,LAPSE #264 03/10/22
661,MONTH #263 03/09/22
662,SWEET #262 03/08/22
663,HOARD #261 03/07/22
664,CLOTH #260 03/06/22
665,BRINE #259 03/05/22
666,AHEAD #258 03/04/22
667,MOURN #257 03/03/22
668,NASTY #256 03/02/22
669,RUPEE #255 03/01/22
670,CHOKE #254 02/28/22
671,CHANT #253 02/27/22
672,SPILL #252 02/26/22
673,VIVID #251 02/25/22
674,BLOKE #250 02/24/22
675,TROVE #249 02/23/22
676,THORN #248 02/22/22
677,OTHER #247 02/21/22
678,TACIT #246 02/20/22
679,SWILL #245 02/19/22
680,DODGE #244 02/18/22
681,SHAKE #243 02/17/22
682,CAULK #242 02/16/22
683,AGORA #241a 02/15/22
684,AROMA #241b 02/15/22
685,CYNIC #240 02/14/22
686,ROBIN #239 02/13/22
687,ULTRA #238 02/12/22
688,ULCER #237 02/11/22
689,PAUSE #236 02/10/22
690,HUMOR #235 02/09/22
691,FRAME #234 02/08/22
692,ELDER #233 02/07/22
693,SKILL #232 02/06/22
694,ALOFT #231 02/05/22
695,PLEAT #230 02/04/22
696,SHARD #229 02/03/22
697,MOIST #228 02/02/22
698,THOSE #227 02/01/22
699,LIGHT #226 01/31/22
700,WRUNG #225 01/30/22
701,COULD #224 01/29/22
702,PERKY #223 01/28/22
703,MOUNT #222 01/27/22
704,WHACK #221 01/26/22
705,SUGAR #220 01/25/22
706,KNOLL #219 01/24/22
707,CRIMP #218 01/23/22
708,WINCE #217 01/22/22
709,PRICK #216 01/21/22
710,ROBOT #215 01/20/22
711,POINT #214 01/19/22
712,PROXY #213 01/18/22
713,SHIRE #212 01/17/22
714,SOLAR #211 01/16/22
715,PANIC #210 01/15/22
716,TANGY #209 01/14/22
717,ABBEY #208 01/13/22
718,FAVOR #207 01/12/22
719,DRINK #206 01/11/22
720,QUERY #205 01/10/22
721,GORGE #204 01/09/22
722,CRANK #203 01/08/22
723,SLUMP #202 01/07/22
724,BANAL #201 01/06/22
725,TIGER #200 01/05/22
726,SIEGE #199 01/04/22
727,TRUSS #198 01/03/22
728,BOOST #197 01/02/22
729,REBUS #196 01/01/22
730,UNIFY #195 12/31/21
731,TROLL #194 12/30/21
732,TAPIR #193 12/29/21
733,ASIDE #192 12/28/21
734,FERRY #191 12/27/21
735,ACUTE #190 12/26/21
736,PICKY #189 12/25/21
737,WEARY #188 12/24/21
738,GRIPE #187 12/23/21
739,CRAZE #186 12/22/21
740,PLUCK #185 12/21/21
741,BRAKE #184 12/20/21
742,BATON #183 12/19/21
743,CHAMP #182 12/18/21
744,PEACH #181 12/17/21
745,USING #180 12/16/21
746,TRACE #179 12/15/21
747,VITAL #178 12/14/21
748,SONIC #177 12/13/21
749,MASSE #176 12/12/21
750,CONIC #175 12/11/21
751,VIRAL #174 12/10/21
752,RHINO #173 12/09/21
753,BREAK #172 12/08/21
754,TRIAD #171 12/07/21
755,EPOCH #170 12/06/21
756,USHER #169 12/05/21
757,EXULT #168 12/04/21
758,GRIME #167 12/03/21
759,CHEAT #166 12/02/21
760,SOLVE #165 12/01/21
761,BRING #164 11/30/21
762,PROVE #163 11/29/21
763,STORE #162 11/28/21
764,TILDE #161 11/27/21
765,CLOCK #160 11/26/21
766,WROTE #159 11/25/21
767,RETCH #158 11/24/21
768,PERCH #157 11/23/21
769,ROUGE #156 11/22/21
770,RADIO #155 11/21/21
771,SURER #154 11/20/21
772,FINER #153 11/19/21
773,VODKA #152 11/18/21
774,HERON #151 11/17/21
775,CHILL #150 11/16/21
776,GAUDY #149 11/15/21
777,PITHY #148 11/14/21
778,SMART #147 11/13/21
779,BADLY #146 11/12/21
780,ROGUE #145 11/11/21
781,GROUP #144 11/10/21
782,FIXER #143 11/09/21
783,GROIN #142 11/08/21
784,DUCHY #141 11/07/21
785,COAST #140 11/06/21
786,BLURT #139 11/05/21
787,PULPY #138 11/04/21
788,ALTAR #137 11/03/21
789,GREAT #136 11/02/21
790,BRIAR #135 11/01/21
791,CLICK #134 10/31/21
792,GOUGE #133 10/30/21
793,WORLD #132 10/29/21
794,ERODE #131 10/28/21
795,BOOZY #130 10/27/21
796,DOZEN #129 10/26/21
797,FLING #128 10/25/21
798,GROWL #127 10/24/21
799,ABYSS #126 10/23/21
800,STEED #125 10/22/21
801,ENEMA #124 10/21/21
802,JAUNT #123 10/20/21
803,COMET #122 10/19/21
804,TWEED #121 10/18/21
805,PILOT #120 10/17/21
806,DUTCH #119 10/16/21
807,BELCH #118 10/15/21
808,OUGHT #117 10/14/21
809,DOWRY #116 10/13/21
810,THUMB #115 10/12/21
811,HYPER #114 10/11/21
812,HATCH #113 10/10/21
813,ALONE #112 10/09/21
814,MOTOR #111 10/08/21
815,ABACK #110 10/07/21
816,GUILD #109 10/06/21
817,KEBAB #108 10/05/21
818,SPEND #107 10/04/21
819,FJORD #106 10/03/21
820,ESSAY #105 10/02/21
821,SPRAY #104 10/01/21
822,SPICY #103 09/30/21
823,AGATE #102 09/29/21
824,SALAD #101 09/28/21
825,BASIC #100 09/27/21
826,MOULT #99 09/26/21
827,CORNY #98 09/25/21
828,FORGE #97 09/24/21
829,CIVIC #96 09/23/21
830,ISLET #95 09/22/21
831,LABOR #94 09/21/21
832,GAMMA #93 09/20/21
833,LYING #92 09/19/21
834,AUDIT #91 09/18/21
835,ROUND #90 09/17/21
836,LOOPY #89 09/16/21
837,LUSTY #88 09/15/21
838,GOLEM #87 09/14/21
839,GONER #86 09/13/21
840,GREET #85 09/12/21
841,START #84 09/11/21
842,LAPEL #83 09/10/21
843,BIOME #82 09/09/21
844,PARRY #81 09/08/21
845,SHRUB #80 09/07/21
846,FRONT #79 09/06/21
847,WOOER #78 09/05/21
848,TOTEM #77 09/04/21
849,FLICK #76 09/03/21
850,DELTA #75 09/02/21
851,BLEED #74 09/01/21
852,ARGUE #73 08/31/21
853,SWIRL #72 08/30/21
854,ERROR #71 08/29/21
855,AGREE #70 08/28/21
856,OFFAL #69 08/27/21
857,FLUME #68 08/26/21
858,CRASS #67 08/25/21
859,PANEL #66 08/24/21
860,STOUT #65 08/23/21
861,BRIBE #64 08/22/21
862,DRAIN #63 08/21/21
863,YEARN #62 08/20/21
864,PRINT #61 08/19/21
865,SEEDY #60 08/18/21
866,IVORY #59 08/17/21
867,BELLY #58 08/16/21
868,STAND #57 08/15/21
869,FIRST #56 08/14/21
870,FORTH #55 08/13/21
871,BOOBY #54 08/12/21
872,FLESH #53 08/11/21
873,UNMET #52 08/10/21
874,LINEN #51 08/09/21
875,MAXIM #50 08/08/21
876,POUND #49 08/07/21
877,MIMIC #48 08/06/21
878,SPIKE #47 08/05/21
879,CLUCK #46 08/04/21
880,CRATE #45 08/03/21
881,DIGIT #44 08/02/21
882,REPAY #43 08/01/21
883,SOWER #42 07/31/21
884,CRAZY #41 07/30/21
885,ADOBE #40 07/29/21
886,OUTDO #39 07/28/21
887,TRAWL #38 07/27/21
888,WHELP #37 07/26/21
889,UNFED #36 07/25/21
890,PAPER #35 07/24/21
891,STAFF #34 07/23/21
892,CROAK #33 07/22/21
893,HELIX #32 07/21/21
894,FLOSS #31 07/20/21
895,PRIDE #30 07/19/21
896,BATTY #29 07/18/21
897,REACT #28 07/17/21
898,MARRY #27 07/16/21
899,ABASE #26 07/15/21
900,COLON #25 07/14/21
901,STOOL #24 07/13/21
902,CRUST #23 07/12/21
903,FRESH #22 07/11/21
904,DEATH #21 07/10/21
905,MAJOR #20 07/09/21
906,FEIGN #19 07/08/21
907,ABATE #18 07/07/21
908,BENCH #17 07/06/21
909,QUIET #16 07/05/21
910,GRADE #15 07/04/21
911,STINK #14 07/03/21
912,KARMA #13 07/02/21
913,MODEL #12 07/01/21
914,DWARF #11 06/30/21
915,HEATH #10 06/29/21
916,SERVE #9 06/28/21
917,NAVAL #8 06/27/21
918,EVADE #7 06/26/21
919,FOCAL #6 06/25/21
920,BLUSH #5 06/24/21
921,AWAKE #4 06/23/21
922,HUMPH #3 06/22/21
923,SISSY #2 06/21/21
924,REBUT #1 06/20/21
925,CIGAR #0 06/19/21
